{"model":{"version":2,"nodes":[{"name":"RootNode","position":[0,0,0],"rotation":[0,0,0],"scale":[1,1,1]},{"name":"Line001","position":[0,0,0],"rotation":[0.00000933467,0,0],"scale":[0.01,0.01,0.01]}],"parents":[-1,0],"skins":[],"vertices":[{"position":{"type":"float32","components":3,"data":[-5.41269,-0.891393,0.148399,-9.47534,-1.74288,-4.35007,-0.253271,-53.5312,-4.35007,-0.253271,-53.5312,-4.35007,-0.413952,-28.9628,0.148399,-5.41269,-0.891393,0.148399,-0.413952,-28.9628,0.148399,-0.253271,-53.5312,-4.35007,8.78335,-5.72659,-4.35007,8.78335,-5.72659,-4.35007,4.48427,-3.05073,0.148399,-0.413952,-28.9628,0.148399,-5.0528,5.94651,0.148399,-8.81139,10.8722,-4.35007,-33.3776,3.90072,-4.35007,-33.3776,3.90072,-4.35007,-18.3687,2.16767,0.148399,-5.0528,5.94651,0.148399,-18.3687,2.16767,0.148399,-33.3776,3.90072,-4.35007,-9.47534,-1.74288,-4.35007,-9.47534,-1.74288,-4.35007,-5.41269,-0.891393,0.148399,-18.3687,2.16767,0.148399,4.48427,-3.05073,0.148399,8.78335,-5.72659,-4.35007,32.3536,2.57281,-4.35007,32.3536,2.57281,-4.35007,17.2603,1.44789,0.148399,4.48427,-3.05073,0.148399,17.2603,1.44789,0.148399,32.3536,2.57281,-4.35007,7.45544,10.2083,-4.35007,7.45544,10.2083,-4.35007,3.76449,5.58662,0.148399,17.2603,1.44789,0.148399,3.76449,5.58662,0.148399,7.45544,10.2083,-4.35007,-1.50792,33.4466,-4.35007,-1.50792,33.4466,-4.35007,-1.09402,18.1827,0.148399,3.76449,5.58662,0.148399,-1.09402,18.1827,0.148399,-1.50792,33.4466,-4.35007,-8.81139,10.8722,-4.35007,-5.0528,5.94651,0.148399,-1.09402,18.1827,0.148399,-0.640876,0.912092,3.52747,-18.3687,2.16767,0.148399,-5.41269,-0.891393,0.148399,-5.0528,5.94651,0.148399,-18.3687,2.16767,0.148399,-0.640876,0.912092,3.52747,-0.413952,-28.9628,0.148399,4.48427,-3.05073,0.148399,-0.640876,0.912092,3.52747,-0.640876,0.912092,3.52747,3.76449,5.58662,0.148399,-1.09402,18.1827,0.148399,4.48427,-3.05073,0.148399,17.2603,1.44789,0.148399,-0.640876,0.912092,3.52747,-0.640876,0.912092,3.52747,-1.09402,18.1827,0.148399,-5.0528,5.94651,0.148399,-5.41269,-0.891393,0.148399,-0.413952,-28.9628,0.148399,-0.640876,0.912092,3.52747,-0.640876,0.912092,3.52747,17.2603,1.44789,0.148399,3.76449,5.58662,0.148399]},"normal":{"type":"float32","components":3,"data":[-0.723698,-0.128871,0.677978,-0.723698,-0.128871,0.677977,-0.723698,-0.128871,0.677977,-0.723698,-0.128871,0.677977,-0.723698,-0.128871,0.677977,-0.723698,-0.128871,0.677977,0.677812,-0.128129,0.723985,0.677812,-0.128129,0.723985,0.677812,-0.128129,0.723985,0.677812,-0.128129,0.723985,0.677812,-0.128129,0.723985,0.677812,-0.128129,0.723985,-0.167952,0.591832,0.78837,-0.167952,0.591832,0.78837,-0.167952,0.591832,0.78837,-0.167952,0.591832,0.78837,-0.167952,0.591832,0.78837,-0.167952,0.591832,0.78837,-0.213961,-0.906186,0.364757,-0.213961,-0.906186,0.364757,-0.213961,-0.906186,0.364757,-0.213961,-0.906186,0.364757,-0.213961,-0.906186,0.364757,-0.213961,-0.906186,0.364757,0.249519,-0.708634,0.659983,0.249519,-0.708634,0.659983,0.249519,-0.708634,0.659983,0.249519,-0.708634,0.659983,0.249519,-0.708634,0.659983,0.249519,-0.708634,0.659983,0.185607,0.60524,0.774102,0.185607,0.60524,0.774102,0.185607,0.60524,0.774102,0.185607,0.60524,0.774102,0.185607,0.60524,0.774102,0.185607,0.60524,0.774102,0.616709,0.237873,0.750391,0.616709,0.237873,0.750391,0.616709,0.237873,0.750391,0.616709,0.237873,0.750391,0.616709,0.237873,0.750391,0.616709,0.237873,0.750391,-0.629909,0.203794,0.749455,-0.629909,0.203794,0.749455,-0.629909,0.203794,0.749455,-0.629909,0.203794,0.749455,-0.629909,0.203794,0.749455,-0.175612,-0.743767,0.644959,-0.175612,-0.743767,0.644959,-0.175612,-0.743767,0.644958,-0.133162,0.469238,0.872974,-0.133162,0.469238,0.872974,-0.133162,0.469238,0.872974,0.496423,-0.0938402,0.862994,0.496423,-0.0938402,0.862994,0.496423,-0.0938402,0.862994,0.470127,0.181335,0.86377,0.470127,0.181335,0.86377,0.470127,0.181335,0.86377,0.175243,-0.497691,0.849467,0.175243,-0.497691,0.849467,0.175243,-0.497691,0.849467,-0.482216,0.156011,0.862049,-0.482216,0.156011,0.862049,-0.482216,0.156011,0.862049,-0.550199,-0.0979753,0.829266,-0.550199,-0.0979753,0.829266,-0.550199,-0.0979753,0.829266,0.148341,0.483719,0.862561,0.148341,0.483719,0.862561,0.148341,0.483719,0.862561]},"texCoord1":{"data":[0.06274907077205524,0.001953125,0.001953125,0.013460808498010107,0.001953125,0.7133700207979825,0.06665532077205527,0.7133697222203416,0.1274512410283965,0.38133264755651847,0.1274512410283965,0.001953125,0.1313574910283965,0.3159238049330325,0.1335286335177405,0.6478952087405688,0.25563262722700375,0.001953125,0.8866617424751271,0.03810969326798083,0.8285720144962675,0.001953125,0.7623866019056516,0.35208038424364424,0.6916512508189754,0.44681977815354357,0.6429826608634406,0.3830388425212777,0.32488390541217854,0.47330995522663044,0.32488390541217854,0.5037063654388007,0.5192284694233636,0.5261469737884855,0.6916510173726831,0.47721620522663044,0.1313574910283965,0.7592117259032144,0.18568811040205044,0.9404829168611236,0.18568811040205044,0.6518014587405688,0.3138694973607362,0.8200945581728409,0.25953887722700375,0.771027576965166,0.25953887722700375,0.9275048268381427,0.25953887722700375,0.767121326965166,0.32097758808784443,0.7084058099553516,0.32097758808784443,0.3864905595295447,0.3209776554121785,0.001953125,0.25953887722700375,0.2080930163235366,0.25953887722700375,0.3825843095295448,0.4530078888000394,0.6445289659521523,0.650238009216649,0.6298291914125186,0.32488390541217854,0.5300532237884855,0.37311498823295974,0.7142908666219303,0.32488390541217854,0.7746841612618328,0.5012389169521687,0.8287665599404526,0.46187745954758097,0.37171771665552883,0.5108646669888991,0.31037762890376,0.39190072120496455,0.001953125,0.5147709169888991,0.001953125,0.5202642947428306,0.20453918128953136,0.5847475775436386,0.371717305616043,0.7584803519056516,0.20466590748286317,0.7529835378103249,0.001953125,0.6559895372285524,0.3017532702368757,0.7059056292569504,0.36716907652150904,0.7584803519056516,0.20466590748286317,0.001953125,0.7172762707979825,0.04700028185574431,0.9536098868832996,0.04700028185574431,0.7808903983923529,0.4887384014787941,0.6484352159521523,0.3248839054121786,0.6949345080703244,0.5430279037808695,0.7103846166219303,0.5914622678709073,0.3716885935515598,0.6520832872285524,0.050997514815917314,0.5886538275436386,0.001953125,0.1952000074461422,0.8654486275982981,0.24969687134821786,0.8076220778354766,0.18959436040205044,0.6518014587405688,0.7594899781314428,0.43915586261932216,0.9188616815167521,0.3830388425212776,0.6955575008189754,0.3897225337720372,0.12128775175937404,0.9311362516968322,0.11567651314617092,0.7172759722203417,0.06665532077205524,0.8687955373177279,0.3248839054121786,0.024722663781348943,0.38799447120496455,0.3791325925212775,0.3851294876767296,0.001953125,0.6541442592166491,0.5879202849072158,0.8757470489933171,0.5812875177886333,0.7086793018075538,0.5300532237884855],"components":2,"type":"float32"}}],"meshes":[{"aabb":{"min":[-33.3776,-53.5312,-4.35007],"max":[32.3536,33.4466,3.52747]},"vertices":0,"indices":[0,1,2,3,4,5,18,19,20,21,22,23,24,25,26,27,28,29,47,48,49,6,7,8,9,10,11,12,13,14,15,16,17,30,31,32,33,34,35,36,37,38,39,40,41,42,43,44,44,45,46,50,51,52,53,54,55,56,57,58,59,60,61,62,63,64,65,66,67,68,69,70],"type":"triangles","base":0,"count":72}],"meshInstances":[{"node":1,"mesh":0}]}}