{"model":{"version":2,"nodes":[{"name":"RootNode","position":[0,0,0],"rotation":[0,0,0],"scale":[1,1,1]},{"name":"Rectangle001","position":[0,0,0],"rotation":[-0.00000432571,0,0],"scale":[0.00127,0.00127,0.00127]}],"parents":[-1,0],"skins":[],"vertices":[{"position":{"type":"float32","components":3,"data":[-166.85,0.00323486,0,166.85,0.00323486,0,166.85,1571.85,0,-166.85,1571.85,0]},"normal":{"type":"float32","components":3,"data":[0,0,1,0,0,1,0,0,1,0,0,1]},"texCoord0":{"type":"float32","components":2,"data":[0,0,1,0,1,1,0,1]},"texCoord1":{"data":[0.001953125,0.8510764178558201,0.18222034258768244,0.8510764178558201,0.18222034258768244,0.001953125,0.001953125,0.001953125],"components":2,"type":"float32"}}],"meshes":[{"aabb":{"min":[-166.85,0.00323486,0],"max":[166.85,1571.85,0]},"vertices":0,"indices":[0,1,2,3,0,2],"type":"triangles","base":0,"count":6}],"meshInstances":[{"node":1,"mesh":0}]}}