{"model":{"version":2,"nodes":[{"name":"RootNode","position":[0,0,0],"rotation":[0,0,0],"scale":[1,1,1]},{"name":"Plane018","position":[0,0,1.21827e-8],"rotation":[0.00000933467,0,0],"scale":[0.01,0.01,0.01]}],"parents":[-1,0],"skins":[],"vertices":[{"position":{"type":"float32","components":3,"data":[-79.9012,-47.206,-24.1471,-31.2898,-47.206,0,-31.2898,47.206,0,-79.9012,47.206,-24.1471,31.2898,-47.206,0,31.2898,47.206,0,79.9012,-47.206,-24.1471,79.9012,47.206,-24.1471]},"normal":{"type":"float32","components":3,"data":[-0.444875,0,0.895593,-0.228481,0,0.973548,-0.228481,0,0.973548,-0.444875,0,0.895593,0.228481,0,0.973548,0.228481,0,0.973548,0.444875,0,0.895593,0.444875,0,0.895593]},"texCoord0":{"type":"float32","components":2,"data":[0,0,0.333333,0,0.333333,1,0,1,0.666667,0,0.666667,1,1,0,1,1]},"texCoord1":{"data":[0.001953125,0.5458772922652834,0.28201196566219966,0.5458772922652834,0.28201196566219966,0.001953125,0.001953125,0.001953125,0.6425440677021366,0.5458772922652834,0.6425440677021366,0.001953125,0.9226029083643362,0.5458772922652834,0.9226029083643362,0.001953125],"components":2,"type":"float32"}}],"meshes":[{"aabb":{"min":[-79.9012,-47.206,-24.1471],"max":[79.9012,47.206,0]},"vertices":0,"indices":[0,1,2,2,3,0,1,4,5,5,2,1,4,6,7,7,5,4],"type":"triangles","base":0,"count":18}],"meshInstances":[{"node":1,"mesh":0}]}}