{"model":{"version":2,"nodes":[{"name":"RootNode","position":[0,0,0],"rotation":[0,0,0],"scale":[1,1,1]},{"name":"Cylinder002","position":[0,0,0],"rotation":[-90,0,0],"scale":[0.01,0.01,0.01]}],"parents":[-1,0],"skins":[],"vertices":[{"position":{"type":"float32","components":3,"data":[56,0,0,39.598,39.598,0,39.598,39.598,4.65984,56,0,4.65984,-0.00000244784,56,0,-0.00000244784,56,4.65984,-39.598,39.598,0,-39.598,39.598,4.65984,-56,-0.00000489568,0,-56,-0.00000489568,4.65984,-39.598,-39.598,0,-39.598,-39.598,4.65984,-39.598,-39.598,0,6.67793e-7,-56,0,6.67793e-7,-56,4.65984,-39.598,-39.598,4.65984,39.598,-39.598,0,39.598,-39.598,4.65984,0,-0.00000244784,4.65984,6.67793e-7,-56,4.65984,39.598,-39.598,4.65984,56,0,4.65984,40,0,4.65991,28.2843,28.2843,4.65991,28.2843,28.2843,9.31976,40,0,9.31976,-0.00000174846,40,4.65991,-0.00000174846,40,9.31976,-28.2843,28.2843,4.65991,-28.2843,28.2843,9.31976,-40,-0.00000349691,4.65991,-40,-0.00000349691,9.31976,-28.2843,-28.2843,4.65991,-28.2843,-28.2843,9.31976,4.76995e-7,-40,4.65991,4.76995e-7,-40,9.31976,4.76995e-7,-40,4.65991,28.2843,-28.2843,4.65991,28.2843,-28.2843,9.31976,4.76995e-7,-40,9.31976,0,-0.00000174846,9.31976,4.76995e-7,-40,9.31976,28.2843,-28.2843,9.31976,40,0,9.31976,39.598,39.598,4.65984,-0.00000244784,56,4.65984,0,-0.00000244784,4.65984,56,0,4.65984,28.2843,28.2843,9.31976,-0.00000174846,40,9.31976,0,-0.00000174846,9.31976,40,0,9.31976,0,-0.00000244784,4.65984,-56,-0.00000489568,4.65984,-39.598,-39.598,4.65984,6.67793e-7,-56,4.65984,0,-0.00000174846,9.31976,-40,-0.00000349691,9.31976,-28.2843,-28.2843,9.31976,4.76995e-7,-40,9.31976,-39.598,39.598,4.65984,-56,-0.00000489568,4.65984,0,-0.00000244784,4.65984,-0.00000244784,56,4.65984,-28.2843,28.2843,9.31976,-40,-0.00000349691,9.31976,0,-0.00000174846,9.31976,-0.00000174846,40,9.31976,-28.2843,-28.2843,4.65991,-28.2843,-28.2843,9.31976,-39.598,39.598,0,-39.598,39.598,4.65984,-28.2843,28.2843,4.65991,-28.2843,28.2843,9.31976,39.598,-39.598,0,39.598,-39.598,4.65984,28.2843,-28.2843,4.65991,28.2843,-28.2843,9.31976,39.598,39.598,0,39.598,39.598,4.65984,28.2843,28.2843,4.65991,28.2843,28.2843,9.31976]},"normal":{"type":"float32","components":3,"data":[1,-2.25896e-7,0,0.707107,0.707107,0,0.707107,0.707107,0,1,-2.56699e-8,0,-8.21438e-8,1,0,4.10719e-8,1,0,-0.707107,0.707107,0,-0.707107,0.707107,0,-1,8.21438e-8,0,-1,-2.05359e-8,0,-0.707107,-0.707107,0,-0.707107,-0.707107,0,-0.707107,-0.707107,0,-1.0268e-7,-1,0,-1.23216e-7,-1,0,-0.707107,-0.707107,0,0.707107,-0.707107,0,0.707107,-0.707107,0,0,0,1,0,0,1,0,0,1,0,0,1,1,-4.10719e-8,0,0.707107,0.707107,0,0.707107,0.707107,0,1,-1.07814e-7,0,4.10719e-8,1,0,4.10719e-8,1,0,-0.707107,0.707107,0,-0.707107,0.707107,0,-1,-1.43752e-7,0,-1,-1.23216e-7,0,-0.707107,-0.707107,0,-0.707107,-0.707107,0,-1.43752e-7,-1,0,0,-1,0,-1.43752e-7,-1,0,0.707107,-0.707107,0,0.707107,-0.707107,0,0,-1,0,0,0,1,0,0,1,0,0,1,0,0,1,0,0,1,0,0,1,0,0,1,0,0,1,0,0,1,0,0,1,0,0,1,0,0,1,0,0,1,0,0,1,0,0,1,0,0,1,0,0,1,0,0,1,0,0,1,0,0,1,0,0,1,0,0,1,0,0,1,0,0,1,0,0,1,0,0,1,0,0,1,0,0,1,-0.707107,-0.707107,0,-0.707107,-0.707107,0,-0.707107,0.707107,0,-0.707107,0.707107,0,-0.707107,0.707107,0,-0.707107,0.707107,0,0.707107,-0.707107,0,0.707107,-0.707107,0,0.707107,-0.707107,0,0.707107,-0.707107,0,0.707107,0.707107,0,0.707107,0.707107,0,0.707107,0.707107,0,0.707107,0.707107,0]},"texCoord0":{"type":"float32","components":2,"data":[0.00446779,-8.41669,0.00446779,-12.1012,0.977618,-12.1012,0.977618,-8.41669,0.00446779,-15.5052,0.977618,-15.5052,0.00447458,-18.9092,0.977618,-18.9092,0.00447458,-22.3132,0.977618,-22.3132,0.00447458,-25.7172,0.977618,-25.7172,0.00446779,0.996649,0.00446779,-2.40736,0.977618,-2.40736,0.977618,0.996649,0.00446779,-5.81138,0.977618,-5.81138,0.929839,0.942062,0.0369812,0.93819,0.3015,0.30825,0.933711,0.049204,0.00447458,-4.06656,0.00447458,-6.498,0.977618,-6.498,0.977618,-4.06656,0.00448139,-9.12976,0.977631,-9.12976,0.00448139,-10.9907,0.977631,-10.9907,0.00448139,-13.6225,0.977631,-13.6225,0.00448139,-16.2542,0.977631,-16.2542,0.00448139,-18.1152,0.977631,-18.1152,0.00448139,0.996649,0.00447458,-1.63512,0.977618,-1.63512,0.977618,0.996649,0.929839,0.942062,0.292084,0.939296,0.481026,0.489339,0.932605,0.304306,0.3015,0.30825,0.933711,0.0492037,0.92984,0.942062,0.0369813,0.93819,0.481026,0.489339,0.932605,0.304306,0.92984,0.942062,0.292084,0.939297,0.92984,0.942062,0.0369812,0.93819,0.301501,0.30825,0.933712,0.0492038,0.929839,0.942062,0.292083,0.939297,0.481026,0.489339,0.932605,0.304307,0.3015,0.30825,0.933711,0.049204,0.92984,0.942062,0.0369812,0.93819,0.481026,0.489339,0.932605,0.304306,0.929839,0.942062,0.292083,0.939297,0.00448139,-16.2542,0.977631,-16.2542,0.00447458,-18.9092,0.977618,-18.9092,0.00448139,-10.9907,0.977631,-10.9907,0.00446779,-5.81138,0.977618,-5.81138,0.00447458,-1.63512,0.977618,-1.63512,0.00446779,-12.1012,0.977618,-12.1012,0.00447458,-6.498,0.977618,-6.498]},"texCoord1":{"data":[0.05985782702447147,0.6941546930576008,0.05985782702447147,0.46472292037173385,0.03285860101223574,0.46472292037173385,0.03285860101223574,0.6941546930576008,0.001953125,0.6941547072404455,0.02895235101223573,0.6941547072404455,0.001953125,0.001953125,0.02895235101223574,0.001953125,0.001953125,0.23138492605155575,0.02895235101223574,0.23138492605155575,0.001953125,0.4608166703717341,0.02895235101223574,0.4608166703717341,0.05985782702447147,0.4608166703717339,0.05985782702447147,0.2313848938166581,0.03285860101223574,0.2313848938166581,0.03285860101223574,0.4608166703717339,0.05985782702447147,0.9235864657434678,0.03285860101223574,0.9235864657434678,0.09466960756778711,0.6335091919571225,0.09466961128681899,0.9453809481709625,0.3151963636815345,0.8540359344385093,0.40654137741398766,0.633509178324762,0.0907633575677871,0.8291651235582181,0.0907633575677871,0.6652852238465745,0.06376407702447147,0.6652852238465745,0.06376407702447147,0.8291651235582181,0.06376407702447147,0.4974990842655493,0.0907633575677871,0.4974990842655493,0.06376407702447147,0.001953125,0.09076335756778711,0.001953125,0.06376407702447147,0.16583304497282245,0.09076335756778711,0.16583304497282245,0.06376407702447147,0.32971292442328726,0.09076335756778711,0.32971292442328726,0.9798967412926677,0.001953125,0.9528974607826921,0.001953125,0.8907905238838296,0.48161106926121267,0.0907633575677871,0.9930450232698618,0.06376407702447147,0.9930450232698618,0.8637912433071739,0.48161106926121267,0.41044763113301974,0.5444029914758978,0.4104476337894711,0.7671685316286248,0.5679668222019643,0.701922172807426,0.633213181023163,0.5444029817384815,0.6309743971600956,0.09329813873245321,0.41044762741398766,0.001953125,0.41044764104634823,0.31382490847856115,0.7223194108925488,0.3138248948462006,0.5679668319393806,0.3829775309321205,0.41044763113301974,0.3177311721109217,0.41044764087043606,0.5404967317384813,0.6332131907605794,0.540496722001065,0.40654137741398777,0.3177311721109218,0.09466960756778708,0.3177311857432824,0.18601462130024035,0.5382579145923087,0.40654138113301963,0.629602928324762,0.8598849906507227,0.3177311721109218,0.6371194407605794,0.3177311818482824,0.7023657995817781,0.47525035344245,0.859884993307174,0.5404967122636488,0.1860146213002403,0.09329813873245321,0.09466960756778708,0.3138249221109218,0.40654137741398766,0.31382490847856115,0.4065413637816271,0.001953125,0.7914720197137476,0.06719948382119878,0.7262256608925488,0.22471869436492029,0.9489912107826921,0.22471868462755965,0.9489912010452758,0.001953125,0.9798967412926677,0.1658330272729963,0.9528974607826921,0.1658330272729963,0.001953125,0.9235864657434681,0.02895235101223573,0.9235864657434681,0.06376407702447147,0.6613789738465745,0.0907633575677871,0.6613789738465745,0.05985782702447147,0.001953125,0.03285860101223574,0.001953125,0.8907905238838296,0.31773117211092183,0.8637912433071739,0.31773117211092183,0.001953125,0.4647229203717341,0.02895235101223573,0.4647229203717341,0.06376407702447147,0.33361917442328726,0.0907633575677871,0.33361917442328726],"components":2,"type":"float32"}}],